,ONS SOC,ONS Title,Display,Exposure,Proximity,RIF,Employment (tot),Employment (m),Employment (f),Median weekly pay,Mean weekly pay,Median weekly pay (m),Mean weekly pay (m),Median weekly pay (f),Mean weekly pay (f),Female percent
0,1115,Chief executives and senior officials,0,18,43,32.96209944769902,99400,75100,24200,1674.2,1990.9,1820.7,2354.4,1448.2,1675.1,0.243460765
1,1121,Production managers and directors in manufacturing,0,5,55,39.05124837953327,309200,269700,39500,946.4,985.1,970.5,1164.5,810.8,964.1,0.12774903
2,1122,Production managers and directors in construction,0,4,50,35.4682957019364,199700,178700,21000,895.8,956.9,915.1,1006.9,756.7,847.2,0.105157737
3,1131,Financial managers and directors,1,4,53,37.58324094593227,339100,199800,139300,1239.5,1326.9,1381.9,1621.1,1031.0,1191.4,0.410793276
4,1133,Purchasing managers and directors,0,1,41,28.999999999999996,61100,38400,22700,949.1,1025.3,958.2,1084.9,874.8,971.2,0.371522095
5,1135,Human resource managers and directors,0,5,41,29.20616373302046,214100,81500,132600,922.5,959.3,958.2,1100.8,900.5,981.8,0.619336759
6,1161,Managers and directors in transport and distribution,0,11,42,30.7001628660175,86700,71500,15200,751.5,857.5,782.0,879.4,667.7,865.6,0.175317186
7,1162,Managers and directors in storage and warehousing,0,2,52,36.796738985948195,114700,88900,25800,576.5,617.5,593.3,651.5,534.8,598.1,0.224934612
8,1173,"Officers in fire, ambulance, prison and related services",0,11,60,43.13351365237939,11200,9600,-1,826.0,875.9,834.5,966.9,723.2,745.6,0.0
9,1181,Health services and public health managers and directors,0,34,45,39.881073205218534,71500,22200,49400,1020.6,993.7,1076.5,1131.2,936.1,1038.7,0.690909091
10,1223,Restaurant and catering establishment managers and proprietors,0,10,78,55.60575509783137,141300,76200,65100,500.9,496.9,536.6,577.5,469.4,499.3,0.460721868
11,1224,Publicans and managers of licensed premises,0,10,78,55.60575509783137,38800,19800,19000,537.8,490.5,538.7,567.2,515.0,542.5,0.489690722
12,1251,"Property, housing and estate managers",0,2,51,36.09016486523718,198200,117200,81100,677.7,701.5,737.2,808.3,584.2,658.1,0.409182644
13,1253,Hairdressing and beauty salon managers and proprietors,0,32,92,68.87670143089025,21700,3900,17800,457.7,421.5,-1.0,466.3,461.5,490.6,0.820276498
14,2111,Chemical scientists,0,8,58,41.4004830889689,26700,19100,7600,656.9,728.2,656.7,744.5,601.6,723.1,0.284644195
15,2112,Biological scientists and biochemists,0,8,51,36.50342449688796,78600,32300,46300,747.0,746.0,756.9,841.6,740.0,775.8,0.589058524
16,2113,Physical scientists,0,5,47,33.421549934136806,31000,23900,7100,865.1,947.8,857.9,923.6,875.1,1058.3,0.229032258
17,2114,Social and humanities scientists,0,7,40,28.714108030722457,30200,12200,17900,629.6,614.1,598.9,622.1,648.1,649.1,0.592715232
18,2121,Civil engineers,0,4,45,31.945265689926575,92300,80500,11900,785.4,815.6,789.1,834.8,764.4,840.2,0.128927411
19,2122,Mechanical engineers,0,7,58,41.30980513146969,79300,75300,4000,800.2,884.1,798.0,913.6,843.4,912.8,0.050441362
20,2123,Electrical engineers,0,1,48,33.948490393535906,56400,55000,-1,924.8,928.1,944.8,953.1,697.5,770.8,0.0
21,2124,Electronics engineers,0,3,51,36.124783736376884,30400,28500,-1,867.7,881.8,870.8,885.0,-1.0,-1.0,0.0
22,2135,"It business analysts, architects and systems designers",0,4,46,32.64965543462901,145800,123100,22700,936.2,979.2,945.2,1003.3,861.0,939.4,0.15569273
23,2136,Programmers and software development professionals,0,0,50,35.35533905932737,378700,330300,48400,834.7,870.6,839.7,903.6,776.6,811.1,0.127805651
24,2137,Web design and development professionals,0,1,44,31.12073263919087,61900,45200,16700,613.3,622.4,613.3,650.7,597.7,618.8,0.269789984
25,2141,Conservation professionals,0,17,67,48.877397639399746,17200,8800,8400,637.7,631.5,676.2,709.7,550.1,586.2,0.488372093
26,2142,Environment professionals,0,13,47,34.48187929913333,42700,30600,12100,697.6,733.9,728.0,777.5,651.8,691.4,0.283372365
27,2211,Medical practitioners,0,100,91,95.60596215717929,290200,152700,137500,1183.0,1249.7,1293.2,1503.7,993.8,1191.3,0.473811165
28,2212,Psychologists,0,57,62,59.55249784853696,38000,7700,30300,845.8,763.0,855.5,967.6,729.2,799.5,0.7973684209999999
29,2213,Pharmacists,0,76,72,74.02702209328699,64700,18600,46100,804.7,697.5,858.6,876.9,776.2,765.3,0.71251932
30,2214,Ophthalmic opticians,0,92,92,91.99999999999999,15300,6800,8500,879.5,688.3,928.4,1121.4,812.1,806.7,0.5555555560000001
31,2215,Dental practitioners,0,95,99,97.02061636580135,36200,16500,19700,-1.0,1030.0,-1.0,1506.6,-1.0,967.2,0.544198895
32,2216,Veterinarians,0,89,91,90.00555538409836,25200,10100,15000,737.1,711.4,744.8,810.2,721.6,725.5,0.595238095
33,2217,Medical radiographers,0,92,89,90.51243008559652,37100,7300,29800,762.9,677.5,732.5,763.3,775.1,774.5,0.8032345009999999
34,2218,Podiatrists,0,87,95,91.08786966440701,12900,3000,9900,796.7,588.5,830.0,797.7,713.3,671.3,0.76744186
35,2221,Physiotherapists,0,67,100,85.11462858991983,70300,19200,51100,651.8,593.0,637.3,697.3,655.0,675.8,0.72688478
36,2222,Occupational therapists,0,92,95,93.51203131148418,46100,-1,43600,642.6,584.4,645.8,667.5,638.4,656.0,0.945770065
37,2223,Speech and language therapists,0,52,79,66.87675231349081,18400,-1,17900,642.0,546.6,-1.0,-1.0,648.4,673.7,0.972826087
38,2229,Therapy professionals n.e.c.,0,86,95,90.61180938486991,68300,19300,48900,583.0,597.9,583.0,677.2,582.4,657.5,0.715959004
39,2231,Nurses,1,95,94,94.50132274206535,660800,74100,586700,688.1,585.5,722.0,760.1,677.1,711.0,0.887863196
40,2232,Midwives,0,73,94,84.15759026968392,43000,-1,43000,741.6,635.7,-1.0,-1.0,741.0,772.8,1.0
41,2312,Further education teaching professionals,0,17,70,50.936234646860186,131900,60000,71900,712.1,598.3,717.8,759.3,705.1,727.8,0.545109932
42,2314,Secondary education teaching professionals,0,17,70,50.936234646860186,398900,154000,244900,755.3,691.0,791.3,800.1,734.3,742.5,0.61393833
43,2315,Primary and nursery education teaching professionals,0,46,79,64.64131805586888,435700,65500,370200,699.1,618.4,747.1,753.7,699.1,689.5,0.849667202
44,2316,Special needs education teaching professionals,0,49,83,68.15423684555495,87400,17700,69700,676.6,563.7,714.5,696.4,670.7,660.6,0.797482838
45,2317,Senior professionals of educational establishments,0,21,38,30.7001628660175,101900,30300,71700,1066.2,1059.3,1163.8,1209.5,1005.3,1002.4,0.7036310109999999
46,2319,Teaching and other educational professionals n.e.c.,0,36,88,67.23094525588644,238200,75600,162600,521.9,393.7,595.6,627.5,490.6,543.1,0.682619647
47,2412,Barristers and judges,0,34,52,43.931765272977586,26700,14700,12000,756.7,644.4,-1.0,863.4,712.8,736.4,0.449438202
48,2413,Solicitors,0,14,34,25.999999999999996,129700,59800,69900,818.9,924.6,891.8,1128.3,747.2,831.5,0.538936006
49,2419,Legal professionals n.e.c.,0,0,41,28.991378028648445,62100,29600,32500,1437.4,1470.1,1611.3,1747.4,1345.5,1415.8,0.5233494360000001
50,2421,Chartered and certified accountants,0,1,39,27.58622844826744,182300,105100,77200,753.2,745.8,766.6,824.0,734.5,778.3,0.423477784
51,2423,Management consultants and business analysts,0,2,41,29.025850547399983,200100,127800,72300,796.5,836.9,832.0,901.6,756.0,821.1,0.36131934
52,2424,Business and financial project management professionals,0,0,47,33.23401871576773,263600,152400,111200,952.4,1021.3,1028.0,1119.9,816.9,906.3,0.42185129
53,2425,"Actuaries, economists and statisticians",0,6,33,23.71708245126284,61400,43100,18300,881.4,1006.9,881.6,1072.6,785.2,893.0,0.298045603
54,2426,Business and related research professionals,0,2,39,27.61340254296815,54200,28000,26200,674.8,649.0,680.6,728.6,655.2,676.2,0.483394834
55,2429,"Business, research and administrative professionals n.e.c.",0,23,45,35.73513677041127,68300,31600,36700,924.3,820.5,958.4,906.2,797.6,841.6,0.537335286
56,2431,Architects,0,2,53,37.50333318519835,56600,43000,13700,801.1,876.4,840.1,954.1,714.8,750.7,0.24204947
57,2432,Town planning officers,0,6,54,38.418745424597084,20400,14100,6300,602.6,710.8,727.6,917.9,524.5,552.3,0.308823529
58,2433,Quantity surveyors,0,9,48,34.53259329966401,55400,48600,6800,862.4,853.7,868.4,887.3,749.5,840.8,0.122743682
59,2434,Chartered surveyors,0,9,48,34.53259329966401,56200,47700,8500,721.0,741.9,726.5,781.9,705.7,726.3,0.151245552
60,2435,Chartered architectural technologists,0,3,43,30.479501308256342,5200,4500,-1,728.9,796.1,725.4,799.0,-1.0,-1.0,0.0
61,2436,Construction project managers and related professionals,0,4,50,35.4682957019364,80800,69200,11600,728.3,774.4,765.1,834.5,639.2,691.6,0.143564356
62,2442,Social workers,0,37,56,47.460509900337144,104400,22400,82000,698.6,642.4,724.8,733.4,688.9,700.4,0.785440613
63,2443,Probation officers,0,52,57,54.55730931781735,14400,3400,10900,671.1,593.4,658.2,643.6,671.1,681.9,0.756944444
64,2444,Clergy,0,40,55,48.08846015417836,54400,40000,14400,474.8,459.2,479.1,530.3,463.2,579.5,0.264705882
65,2451,Librarians,0,29,52,42.101068870041765,22000,5600,16400,528.9,476.2,648.2,716.1,476.8,557.3,0.745454545
66,2452,Archivists and curators,0,2,44,31.14482300479487,18800,5000,13800,522.6,458.1,416.7,445.7,532.4,564.8,0.734042553
67,2461,Quality control and planning engineers,0,10,62,44.40720662234903,33800,27200,6600,711.3,725.8,733.9,753.6,618.4,678.8,0.195266272
68,2463,Environmental health professionals,0,26,51,40.478389296018186,12500,5500,7000,710.6,673.5,649.5,680.4,723.6,726.8,0.56
69,2471,"Journalists, newspaper and periodical editors",0,9,55,39.40812099047606,80400,49000,31500,662.6,721.7,698.0,839.3,590.2,662.0,0.391791045
70,2472,Public relations professionals,0,4,46,32.64965543462901,58300,21300,37000,593.3,652.6,646.8,779.0,554.7,632.8,0.63464837
71,2473,Advertising accounts managers and creative directors,0,1,46,32.53459696999488,40000,23500,16500,826.3,886.9,955.5,1067.7,694.6,769.0,0.4125
72,3112,Electrical and electronics technicians,0,2,60,42.44997055358225,35900,34100,-1,658.6,666.6,658.6,696.3,546.2,685.1,0.0
73,3113,Engineering technicians,0,3,60,42.47940677551888,103400,97300,6200,642.6,668.4,654.7,699.4,573.0,600.0,0.059961315
74,3114,Building and civil engineering technicians,0,22,57,43.20300915445589,22200,20400,-1,549.0,613.0,572.8,676.1,-1.0,-1.0,0.0
75,3115,Quality assurance technicians,0,0,47,33.23401871576773,34300,21000,13300,519.0,578.5,536.2,598.1,511.3,554.4,0.387755102
76,3116,"Planning, process and production technicians",0,8,57,40.70012284993744,26300,20800,5500,576.0,607.2,591.0,646.9,507.6,549.0,0.209125475
77,3121,Architectural and town planning technicians,0,2,57,40.329889660151565,21900,14700,7300,555.8,534.9,550.8,571.3,563.4,557.7,0.333333333
78,3122,Draughtspersons,0,1,49,34.65544690232691,39000,33700,5300,589.1,614.1,606.7,640.3,546.4,566.2,0.13589743599999998
79,3132,It user support technicians,0,8,64,45.60701700396551,104200,79900,24400,575.9,600.7,584.7,638.5,515.7,569.7,0.234165067
80,3213,Paramedics,0,89,97,93.08598175880189,28000,15000,13000,786.6,757.0,819.1,835.2,754.5,745.5,0.464285714
81,3216,Dispensing opticians,0,40,83,65.14982732133677,5700,-1,3500,480.2,413.3,503.9,535.1,457.6,452.0,0.614035088
82,3217,Pharmaceutical technicians,0,72,83,77.69491617860206,34000,4200,29800,461.1,429.2,449.7,539.6,461.0,485.0,0.876470588
83,3218,Medical and dental technicians,0,72,53,63.21787721839448,44300,17000,27300,572.2,554.2,596.6,630.5,528.5,550.4,0.616252822
84,3231,Youth and community workers,0,9,74,52.711478825773796,76400,20900,55400,502.6,390.9,503.4,517.6,499.9,512.2,0.72513089
85,3233,Child and early years officers,0,45,82,66.14000302388865,46400,7300,39100,473.9,400.8,517.9,559.4,471.7,474.2,0.842672414
86,3235,Counsellors,0,63,68,65.54769256045554,21900,2900,18900,503.3,395.7,408.1,506.0,515.1,560.9,0.863013699
87,3312,Police officers (sergeant and below),1,61,73,67.26812023536854,159200,110500,48700,783.4,783.0,797.7,817.0,750.5,731.2,0.305904523
88,3314,Prison service officers (below principal officer),0,72,81,76.6322386466688,46400,31200,15200,579.0,546.7,579.6,579.2,507.4,533.9,0.327586207
89,3412,"Authors, writers and translators",0,7,49,35.0,89500,33700,55800,585.0,612.9,656.1,700.0,565.1,658.8,0.623463687
90,3413,"Actors, entertainers and presenters",0,5,95,67.26812023536854,53800,31000,22800,-1.0,-1.0,-1.0,813.9,-1.0,-1.0,0.423791822
91,3415,Musicians,0,7,82,58.193642264426096,54900,39800,15100,750.9,398.4,756.9,711.9,-1.0,-1.0,0.275045537
92,3416,"Arts officers, producers and directors",0,2,64,45.27692569068708,100600,58300,42300,720.3,842.9,740.0,1033.6,690.0,741.1,0.4204771370000001
93,3417,"Photographers, audio-visual and broadcasting equipment operators",0,4,68,48.16637831516918,66500,51800,14700,518.9,524.8,522.7,583.8,491.6,511.4,0.221052632
94,3421,Graphic designers,0,0,34,24.041630560342615,93800,59800,34100,527.0,529.9,536.6,579.6,497.2,524.9,0.363539446
95,3422,"Product, clothing and related designers",0,0,48,33.94112549695428,82900,37900,45000,588.6,585.5,608.1,667.8,544.5,598.2,0.542822678
96,3441,Sports players,0,6,59,41.93447269252351,12000,9900,-1,-1.0,-1.0,-1.0,-1.0,-1.0,-1.0,0.0
97,3442,"Sports coaches, instructors and officials",0,9,74,52.711478825773796,100500,57300,43200,476.4,249.0,473.6,559.2,473.1,479.8,0.429850746
98,3443,Fitness instructors,0,22,83,60.716554579455504,68200,31500,36700,348.7,200.5,363.2,379.5,339.8,376.3,0.5381231670000001
99,3511,Air traffic controllers,0,7,82,58.193642264426096,8100,7000,-1,-1.0,1734.5,-1.0,1828.1,-1.0,1487.3,0.0
100,3512,Aircraft pilots and flight engineers,0,28,83,61.939486597807694,22900,21600,-1,1511.6,1593.3,1494.7,1648.2,-1.0,-1.0,0.0
101,3513,Ship and hovercraft officers,0,10,74,52.80151512977634,14900,14200,-1,-1.0,843.9,-1.0,876.4,-1.0,-1.0,0.0
102,3520,Legal associate professionals,0,1,39,27.58622844826744,72000,27000,45000,554.3,647.1,601.2,756.5,516.8,632.0,0.625
103,3531,"Estimators, valuers and assessors",0,0,58,41.012193308819754,61800,45400,16400,593.8,632.8,615.8,727.2,545.0,575.4,0.265372168
104,3533,Insurance underwriters,0,1,52,36.776351096866584,30300,14000,16300,670.8,781.4,670.8,883.0,607.3,766.4,0.537953795
105,3534,Finance and investment analysts and advisers,0,0,47,33.23401871576773,230200,153500,76700,698.4,784.3,727.1,851.2,658.1,729.9,0.333188532
106,3535,Taxation experts,0,4,55,38.99358921669048,34900,19400,15500,925.1,990.2,958.4,1056.7,894.9,1052.9,0.444126074
107,3541,Buyers and procurement officers,0,10,51,36.74914965002591,54300,24200,30100,590.5,617.2,612.9,659.1,576.2,624.7,0.5543278079999999
108,3544,Estate agents and auctioneers,0,4,71,50.284192347098504,53100,19000,34100,443.8,433.8,491.6,652.2,437.2,445.9,0.642184557
109,3545,Sales accounts and business development managers,0,3,48,34.0073521462639,462500,277300,185200,862.4,958.5,924.1,1049.1,780.3,875.1,0.400432432
110,3550,Conservation and environmental associate professionals,0,17,67,48.877397639399746,12600,9800,2900,445.9,433.8,436.6,494.7,512.6,490.8,0.23015873
111,3562,Human resources and industrial relations officers,0,5,41,29.20616373302046,156700,55100,101600,541.3,565.3,557.2,610.2,536.6,593.1,0.6483726870000001
112,3564,Careers advisers and vocational guidance specialists,0,36,64,51.923019942988674,30600,9100,21500,540.7,446.0,500.9,528.5,578.6,577.6,0.702614379
113,3565,Inspectors of standards and regulations,0,25,52,40.798284277650694,48800,32200,16600,611.4,655.1,612.7,757.9,575.2,629.4,0.340163934
114,3567,Health and safety officers,0,18,65,47.69171835864168,59900,39900,20000,685.9,696.9,705.3,764.0,607.0,622.4,0.333889816
115,4121,Credit controllers,0,1,55,38.897300677553446,36300,7700,28600,460.0,423.0,479.1,509.7,450.6,462.4,0.787878788
116,4122,"Book-keepers, payroll managers and wages clerks",0,4,44,31.240998703626616,441500,131700,309800,485.7,450.6,536.6,608.5,479.1,529.8,0.701698754
117,4123,Bank and post office clerks,0,17,82,59.21570737566174,99500,26300,73200,421.2,410.3,422.3,525.3,420.8,470.6,0.7356783920000001
118,4124,Finance officers,0,1,57,40.311288741492746,36600,10600,26000,504.4,546.1,557.3,-1.0,485.8,530.0,0.7103825140000001
119,4134,Transport and distribution clerks andôøωassistants,0,2,52,36.796738985948195,58200,34600,23500,492.6,490.4,508.7,528.9,460.0,489.7,0.403780069
120,4135,Library clerks and assistants,0,34,73,56.94295391003175,24100,4600,19500,388.6,268.7,404.1,413.2,383.3,410.7,0.809128631
121,4138,Human resources administrative occupations,0,14,53,38.76209488662861,30900,4900,26000,410.9,408.7,379.3,400.4,420.1,473.8,0.841423948
122,4211,Medical secretaries,0,53,71,62.64982043070833,65800,3000,62800,439.8,353.8,422.0,434.4,440.0,442.8,0.954407295
123,4212,Legal secretaries,0,0,41,28.991378028648445,38600,-1,36000,411.5,400.9,-1.0,453.0,411.1,456.1,0.932642487
124,4213,School secretaries,0,21,52,39.654760117796705,72200,-1,69900,370.1,317.5,451.9,455.8,367.4,389.1,0.968144044
125,4214,Company secretaries,0,29,43,36.67424164178449,31700,4100,27600,530.9,309.2,-1.0,663.5,526.9,544.4,0.8706624609999999
126,4215,Personal assistants and other secretaries,0,29,43,36.67424164178449,175900,4300,171700,542.1,393.9,578.8,684.7,538.9,570.5,0.976122797
127,4216,Receptionists,0,31,52,42.80770958600798,234400,22900,211500,364.2,282.0,414.3,421.6,360.6,385.9,0.902303754
128,4217,Typists and related keyboard occupations,0,22,47,36.69468626381754,34000,11400,22600,389.9,373.3,419.2,455.9,382.7,440.8,0.664705882
129,5111,Farmers,1,1,24,16.985287751463026,133000,110500,22500,513.1,511.4,527.3,555.3,468.2,472.0,0.169172932
130,5112,Horticultural trades,0,3,48,34.0073521462639,15800,9300,6500,397.7,372.7,388.0,422.7,385.9,412.1,0.411392405
131,5113,Gardeners and landscape gardeners,0,9,76,54.11561696959575,164900,142000,22900,407.1,384.6,405.4,429.9,422.9,435.4,0.138872044
132,5114,Groundsmen and greenkeepers,0,9,76,54.11561696959575,31600,31200,-1,393.5,394.6,393.7,414.7,383.8,437.6,0.0
133,5211,Smiths and forge workers,0,13,71,51.039200620699376,3700,3700,-1,-1.0,383.0,-1.0,-1.0,-1.0,-1.0,0.0
134,5212,"Moulders, core makers and die casters",0,4,61,43.22614949310197,-1,-1,-1,446.9,421.5,452.7,490.8,-1.0,-1.0,0.0
135,5213,Sheet metal workers,0,10,67,47.900939447989956,15600,15200,-1,525.7,552.9,529.8,564.3,-1.0,-1.0,0.0
136,5214,"Metal plate workers, and riveters",0,10,67,47.900939447989956,5600,5400,-1,580.8,644.0,580.8,645.9,-1.0,-1.0,0.0
137,5215,Welding trades,0,0,42,29.698484809834994,60900,60000,-1,537.6,577.2,539.0,585.9,380.7,419.8,0.0
138,5216,Pipe fitters,0,45,67,57.0701322935211,6400,6400,-1,778.2,866.8,778.2,886.9,-1.0,-1.0,0.0
139,5221,Metal machining setters and setter-operators,0,4,52,36.87817782917155,51500,48600,2900,537.6,570.4,538.9,581.0,-1.0,497.1,0.05631068
140,5222,"Tool makers, tool fitters and markers-out",0,0,57,40.30508652763321,13200,12900,-1,582.5,567.7,588.9,619.0,-1.0,-1.0,0.0
141,5224,Precision instrument makers and repairers,0,7,48,34.30014577228499,22800,20200,-1,522.8,531.9,499.6,524.2,-1.0,-1.0,0.0
142,5225,Air-conditioning and refrigeration engineers,0,15,66,47.85916840063145,15600,15300,-1,662.9,664.5,662.9,694.3,-1.0,-1.0,0.0
143,5231,"Vehicle technicians, mechanics and electricians",0,3,43,30.479501308256342,176600,174400,-1,538.1,549.1,539.2,564.4,428.8,483.7,0.0
144,5232,Vehicle body builders and repairers ,0,0,46,32.526911934581186,25600,25400,-1,517.5,524.7,517.5,534.9,-1.0,-1.0,0.0
145,5234,Vehicle paint technicians,0,16,74,53.53503525729669,10900,10600,-1,530.2,520.6,534.0,543.1,-1.0,-1.0,0.0
146,5235,Aircraft maintenance and related trades,0,4,54,38.28837943815329,27200,25000,-1,770.9,812.2,769.7,830.0,-1.0,891.3,0.0
147,5236,Boat and ship builders and repairers,0,16,72,52.153619241621186,15700,15600,-1,598.0,679.8,585.3,664.3,-1.0,-1.0,0.0
148,5237,Rail and rolling stock builders and repairers,0,3,65,46.01086828130936,8600,8200,-1,806.3,745.5,806.3,779.2,-1.0,-1.0,0.0
149,5241,Electricians and electrical fitters,0,11,75,53.60037313302958,262300,257600,4700,635.6,641.0,637.2,657.8,439.8,514.9,0.017918414
150,5242,Telecommunications engineers,0,3,52,36.83069372140579,56100,53100,3000,651.3,673.4,653.3,679.2,-1.0,733.8,0.053475936
151,5244,"Tv, video and audio engineers",0,5,60,42.573465914816,7100,7000,-1,626.3,582.2,626.3,607.0,-1.0,-1.0,0.0
152,5245,It engineers,0,0,44,31.112698372208087,35600,34000,-1,595.0,597.5,594.7,631.7,-1.0,-1.0,0.0
153,5249,Electrical and electronic trades n.e.c.,0,11,75,53.60037313302958,80900,78300,2500,652.5,660.9,655.3,674.9,582.4,615.8,0.030902349
154,5250,"Skilled metal, electrical and electronic trades supervisors",0,19,69,50.60632371551998,38400,35500,-1,682.8,718.3,684.0,740.2,655.6,754.7,0.0
155,5311,Steel erectors,0,10,87,61.92333970321691,7700,7700,-1,556.7,592.4,556.7,640.3,-1.0,-1.0,0.0
156,5312,Bricklayers and masons,0,4,83,58.75797818169035,76600,75600,-1,529.2,529.3,529.2,548.6,-1.0,-1.0,0.0
157,5313,"Roofers, roof tilers and slaters",0,4,77,54.520638294135914,49500,49500,-1,469.2,500.6,469.2,517.9,-1.0,-1.0,0.0
158,5314,Plumbers and heating and ventilating engineers,0,58,60,59.00847396772772,193600,192400,-1,600.4,603.7,604.3,617.5,478.7,536.4,0.0
159,5315,Carpenters and joiners,0,12,77,55.1044462815842,216300,213500,-1,532.6,538.9,533.3,551.0,278.4,326.7,0.0
160,5316,"Glaziers, window fabricators and fitters",0,18,69,50.42320894191482,41000,40800,-1,420.3,436.4,421.7,450.0,-1.0,-1.0,0.0
161,5319,Construction and building trades n.e.c.,0,10,73,52.100863716449076,245500,235800,9700,536.0,538.6,540.9,583.8,481.5,535.9,0.039511202
162,5321,Plasterers,0,6,61,43.34166586553867,46300,46300,-1,525.1,521.2,525.1,542.6,-1.0,-1.0,0.0
163,5322,Floorers and wall tilers,0,1,62,43.846322536787504,28000,27700,-1,483.9,510.9,483.9,514.6,-1.0,-1.0,0.0
164,5323,Painters and decorators,0,1,58,41.018288603987365,130700,121200,9500,480.1,473.2,480.8,499.5,366.5,378.6,0.07268553900000001
165,5330,Construction and building trades supervisors,0,4,50,35.4682957019364,66600,66100,-1,704.1,750.1,719.6,783.5,525.4,533.2,0.0
166,5411,Weavers and knitters,0,4,44,31.240998703626616,3300,1800,-1,462.6,482.4,466.4,527.5,-1.0,-1.0,0.0
167,5412,Upholsterers,0,2,62,43.86342439892262,12400,11100,1300,481.1,491.5,510.9,543.9,367.1,406.1,0.10483871
168,5413,Footwear and leather working trades,0,3,55,38.94868418830089,4900,3200,-1,416.9,451.8,438.8,498.2,327.6,348.2,0.0
169,5414,Tailors and dressmakers,0,12,63,45.348649373492925,13500,4000,9500,-1.0,-1.0,-1.0,547.1,-1.0,-1.0,0.703703704
170,5419,"Textiles, garments and related trades n.e.c.",0,4,35,24.909837414162297,13000,4300,8700,383.4,432.3,377.0,502.2,-1.0,-1.0,0.669230769
171,5421,Pre-press technicians,0,0,56,39.597979746446654,3100,2300,-1,-1.0,525.9,-1.0,-1.0,-1.0,-1.0,0.0
172,5422,Printers,0,0,42,29.698484809834994,26600,23400,3100,500.8,512.3,505.3,523.3,358.4,466.0,0.116541353
173,5423,Print finishing and binding workers,0,0,55,38.89087296526011,11100,7600,3400,429.2,427.8,435.6,456.2,379.5,390.9,0.30630630600000003
174,5431,Butchers,0,3,77,54.4885309033011,32900,28600,4300,441.5,449.6,446.6,478.1,375.3,442.5,0.13069908800000002
175,5432,Bakers and flour confectioners,0,7,55,39.20459156782532,31400,12900,18500,380.8,368.1,388.8,411.6,363.1,363.5,0.589171975
176,5433,Fishmongers and poultry dressers,0,25,85,62.64982043070833,9000,6600,2300,361.6,350.7,372.5,403.8,327.1,340.9,0.255555556
177,5434,Chefs,0,15,81,58.249463516842795,246200,195200,51000,441.4,406.3,451.4,481.1,408.4,441.9,0.20714866
178,5435,Cooks,0,43,70,58.09044671888829,64100,18200,45900,348.9,269.2,380.5,434.8,339.4,356.1,0.716068643
179,5436,Catering and bar managers,0,15,82,58.94488951554663,67800,28500,39300,420.6,387.0,441.0,456.3,408.3,423.5,0.5796460179999999
180,5442,Furniture makers and other craft woodworkers,0,2,54,38.2099463490856,40200,36600,3700,433.7,455.7,433.9,465.6,-1.0,-1.0,0.092039801
181,5443,Florists,0,25,73,54.56189146281495,10000,-1,8300,310.3,283.6,-1.0,-1.0,310.3,399.1,0.83
182,6121,Nursery nurses and assistants,0,83,91,87.09190547921202,221300,7100,214200,347.8,283.6,404.0,426.4,346.4,359.1,0.967916855
183,6122,Childminders and related occupations,0,45,82,66.14000302388865,106200,2900,103300,422.6,314.8,-1.0,-1.0,423.4,475.9,0.972693032
184,6123,Playworker,0,45,82,66.14000302388865,32300,3200,29000,346.6,137.6,-1.0,-1.0,344.6,360.7,0.8978328170000001
185,6125,Teaching assistants,0,36,88,67.23094525588644,306600,29600,277000,354.1,274.9,380.7,416.1,351.0,365.5,0.903457273
186,6126,Educational support assistants,0,36,88,67.23094525588644,167100,18900,148300,343.8,265.6,365.1,383.4,341.8,360.9,0.887492519
187,6131,Veterinary nurses,0,67,92,80.47670470390794,14600,-1,13900,424.2,371.6,-1.0,-1.0,420.1,429.6,0.952054795
188,6132,Pest control officers,0,4,47,33.354160160315836,9400,9100,-1,463.1,480.0,457.9,483.3,-1.0,-1.0,0.0
189,6139,Animal care services occupations n.e.c.,0,87,88,87.50142855976695,77900,12900,65000,377.2,295.2,409.1,448.6,357.0,374.3,0.8344030809999999
190,6141,Nursing auxiliaries and assistants,0,83,91,87.09190547921202,321700,63000,258700,420.9,351.8,439.4,472.5,414.8,436.2,0.804165371
191,6142,Ambulance staff (excluding paramedics),0,72,90,81.49846624323673,23200,15200,8000,483.2,476.7,499.7,518.0,457.3,507.0,0.344827586
192,6143,Dental nurses,0,96,99,97.51153777887002,50900,-1,50900,369.7,314.3,372.7,383.0,367.9,384.5,1.0
193,6144,Houseparents and residential wardens,0,24,62,47.01063709417263,46000,10900,35200,471.7,428.9,519.8,601.8,465.3,483.5,0.765217391
194,6145,Care workers and home carers,0,63,84,74.24621202458748,777600,126800,650800,391.1,311.7,408.5,445.0,384.8,412.8,0.836934156
195,6146,Senior care workers,0,63,84,74.24621202458748,80000,11100,68900,408.4,369.4,422.1,463.5,399.5,419.6,0.86125
196,6147,Care escorts,0,63,84,74.24621202458748,11200,3200,8000,371.1,194.9,368.2,400.7,-1.0,446.0,0.7142857140000001
197,6148,"Undertakers, mortuary and crematorium assistants",0,79,72,75.58108228915486,26100,16700,9300,474.6,416.0,502.2,553.4,463.3,475.8,0.356321839
198,6212,Travel agents,0,0,55,38.89087296526011,37300,8700,28600,423.2,372.6,465.8,522.8,404.3,438.1,0.766756032
199,6221,Hairdressers and barbers,0,32,92,68.87670143089025,159400,22000,137400,331.8,239.3,362.7,391.8,325.5,344.6,0.8619824340000001
200,6222,Beauticians and related occupations,0,32,92,68.87670143089025,94800,5600,89200,363.1,252.4,369.4,386.4,355.6,364.0,0.94092827
201,6231,Housekeepers and related occupations,0,52,42,47.26520919238589,49100,2300,46800,364.6,274.9,376.1,416.5,361.0,387.4,0.953156823
202,6232,Caretakers,0,62,86,74.96665925596524,67900,56000,11900,426.0,348.2,421.6,438.3,439.1,465.5,0.175257732
203,6240,Cleaning and housekeeping managers and supervisors,0,47,48,47.50263150605448,72200,18300,53900,409.1,330.7,456.5,473.8,389.5,411.6,0.7465373959999999
204,7111,Sales and retail assistants,0,19,69,50.60632371551998,1078000,369100,708900,362.4,244.6,385.0,436.9,346.9,384.2,0.657606679
205,7112,Retail cashiers and check-out operators,0,28,75,56.60830327787612,177000,51100,125900,330.5,196.6,335.9,352.0,322.8,331.2,0.711299435
206,7113,Telephone salespersons,0,12,68,48.82622246293481,30400,17500,12900,403.5,393.4,408.1,470.8,399.4,427.7,0.424342105
207,7114,Pharmacy and other dispensing assistants,0,78,82,80.02499609497022,76000,10800,65200,345.5,260.8,347.3,378.1,338.3,339.3,0.8578947370000001
208,7115,Vehicle and parts salespersons and advisers,0,5,44,31.31293662370235,46700,42300,4400,468.0,533.6,472.6,551.7,397.3,418.6,0.094218415
209,7121,Collector salespersons and credit agents,0,8,45,32.31872522238462,11300,7000,4400,399.6,255.0,390.7,401.2,-1.0,-1.0,0.389380531
210,7122,"Debt, rent and other cash collectors",0,8,45,32.31872522238462,24900,16000,8900,378.1,377.8,378.4,404.7,371.2,397.8,0.357429719
211,7123,Roundspersons and van salespersons,0,11,77,55.0,26400,19400,7000,425.3,400.9,425.3,460.0,-1.0,-1.0,0.265151515
212,7124,Market and street traders and assistants,0,7,67,47.63402145525821,16600,11100,5500,-1.0,-1.0,-1.0,-1.0,-1.0,-1.0,0.331325301
213,7125,Merchandisers and window dressers,0,2,67,47.39725730461626,22800,4600,18200,433.4,339.4,396.3,450.0,443.8,499.8,0.798245614
214,7211,Call and contact centre occupations,0,5,77,54.56189146281495,91200,38900,52300,364.1,352.3,352.7,404.6,371.1,388.4,0.573464912
215,7213,Telephonists,0,12,68,48.82622246293481,7400,-1,5300,382.6,303.3,460.3,510.2,359.6,367.8,0.716216216
216,7215,Market research interviewers,0,23,73,54.12023651093922,12800,3400,9300,474.5,194.0,505.0,464.4,-1.0,-1.0,0.7265625
217,7219,Customer service occupations n.e.c.,0,5,58,41.16430492550554,304500,100000,204500,412.0,343.1,420.8,461.4,407.0,438.3,0.671592775
218,8111,"Food, drink and tobacco process operatives",0,6,35,25.109759058979435,138200,83500,54700,400.6,406.5,417.9,451.0,365.6,396.8,0.395803184
219,8112,Glass and ceramics process operatives,0,4,63,44.637428241331286,4200,3200,-1,472.9,462.0,491.1,542.6,-1.0,-1.0,0.0
220,8113,Textile process operatives,0,5,64,45.39273069556402,9300,6500,-1,463.1,457.6,505.2,508.4,-1.0,453.5,0.0
221,8114,Chemical and related process operatives,0,8,64,45.60701700396551,39600,31200,8400,585.3,607.4,620.3,662.8,383.3,439.8,0.212121212
222,8115,Rubber process operatives,0,14,61,44.254943226717614,6800,5100,-1,517.6,496.2,517.6,524.2,-1.0,-1.0,0.0
223,8116,Plastics process operatives,0,8,48,34.4093010681705,16900,13500,3400,452.5,499.1,460.3,510.1,-1.0,428.5,0.201183432
224,8117,Metal making and treating process operatives,0,3,61,43.18564576337836,10700,9800,-1,488.6,541.4,488.6,549.6,-1.0,-1.0,0.0
225,8118,Electroplaters,0,3,59,41.773197148410844,4400,4100,-1,464.1,495.2,471.1,515.9,-1.0,-1.0,0.0
226,8121,Paper and wood machine operatives,0,3,61,43.18564576337836,23100,20400,-1,438.7,457.7,450.9,480.1,350.1,348.6,0.0
227,8122,Coal mine operatives,0,6,59,41.93447269252351,2900,2600,-1,470.4,583.5,470.4,550.2,-1.0,-1.0,0.0
228,8124,Energy plant operatives,0,6,51,36.31115531073061,6800,6400,-1,664.5,689.7,715.1,735.7,-1.0,-1.0,0.0
229,8125,Metal working machine operatives,0,2,43,30.438462510448847,55900,50400,5500,465.8,476.1,467.1,505.5,-1.0,447.8,0.098389982
230,8126,Water and sewerage plant operatives,0,27,50,40.180841205728875,12400,11600,-1,590.8,582.8,590.3,593.5,-1.0,580.7,0.0
231,8127,Printing machine assistants,0,7,47,33.60059523282288,7900,6300,-1,433.4,460.1,481.6,502.8,346.1,393.1,0.0
232,8131,Assemblers (electrical and electronic products),0,3,59,41.773197148410844,28400,19300,9100,440.6,451.9,458.5,489.4,369.6,407.9,0.320422535
233,8132,Assemblers (vehicles and metal goods),0,0,69,48.790367901871775,45900,37900,8000,579.0,583.8,592.4,604.9,419.6,468.7,0.17429193899999998
234,8134,"Weighers, graders and sorters",0,4,65,46.04888706581299,17500,11300,6200,434.5,388.7,520.0,525.5,315.8,373.3,0.354285714
235,8135,"Tyre, exhaust and windscreen fitters",0,0,46,32.526911934581186,17400,17100,-1,417.8,417.7,417.8,434.4,-1.0,-1.0,0.0
236,8137,Sewing machinists,0,0,62,43.840620433565945,28200,3400,24800,353.6,333.8,393.2,435.0,349.7,378.0,0.8794326240000001
237,8139,Assemblers and routine operatives n.e.c.,0,0,66,46.66904755831213,41100,25400,15700,425.5,440.4,447.1,482.6,371.9,397.1,0.381995134
238,8141,"Scaffolders, stagers and riggers",0,5,79,55.97320787662611,26700,26400,-1,667.9,701.5,667.9,716.6,-1.0,-1.0,0.0
239,8142,Road construction operatives,0,26,68,51.478150704935,23600,23600,-1,579.1,593.9,580.8,601.4,-1.0,-1.0,0.0
240,8143,Rail construction and maintenance operatives,0,14,85,60.913873624979715,10000,10000,-1,623.6,548.5,615.9,634.0,-1.0,-1.0,0.0
241,8149,Construction operatives n.e.c.,0,10,73,52.100863716449076,115300,113300,2000,488.0,467.5,493.7,528.2,359.8,410.2,0.017346054
242,8211,Large goods vehicle drivers,0,7,42,30.10813843464919,300100,297200,2900,595.6,597.5,596.4,620.8,525.8,551.1,0.009663446
243,8212,Van drivers,0,13,67,48.25971404805461,284200,262600,21600,455.9,416.3,459.8,498.3,368.2,425.2,0.076002815
244,8213,Bus and coach drivers,0,47,78,64.39332263519253,117800,107600,10300,523.4,506.9,530.0,561.4,488.2,503.9,0.087436333
245,8214,Taxi and cab drivers and chauffeurs,0,25,79,58.591808301161,226800,218300,8500,405.7,284.2,405.7,466.7,-1.0,425.3,0.037477954
246,8215,Driving instructors,0,8,76,54.03702434442518,32200,21400,10800,-1.0,585.7,-1.0,657.0,-1.0,622.9,0.335403727
247,8221,Crane drivers,0,2,48,33.97057550292605,12400,12400,-1,726.0,816.2,719.8,809.1,-1.0,-1.0,0.0
248,8222,Fork-lift truck drivers,0,4,34,24.207436873820406,93000,90300,-1,481.1,496.0,482.3,508.2,406.4,448.4,0.0
249,8223,Agricultural machinery drivers,0,4,39,27.72183255125822,5500,5500,-1,520.5,541.4,528.2,559.9,-1.0,-1.0,0.0
250,8229,Mobile machine drivers and operatives n.e.c.,0,8,73,51.92783453986888,49000,49000,-1,603.0,618.5,604.9,644.8,406.3,521.3,0.0
251,8231,Train and tram drivers,0,43,67,56.29387178015027,30600,27500,3100,1127.1,1133.2,1127.3,1156.3,1117.4,1124.3,0.10130719
252,8232,Marine and waterways transport operatives,0,19,69,50.60632371551998,5100,5000,-1,622.8,570.8,622.8,628.7,-1.0,-1.0,0.0
253,9111,Farm workers,0,1,24,16.985287751463026,51900,35300,16600,420.8,374.4,440.1,468.2,384.8,382.3,0.319845857
254,9112,Forestry workers,0,3,41,29.068883707497264,5600,4900,-1,452.9,466.0,452.9,479.3,-1.0,-1.0,0.0
255,9120,Elementary construction occupations,0,10,73,52.100863716449076,157100,154600,2400,456.1,457.8,457.2,494.7,400.0,409.0,0.015276894
256,9134,"Packers, bottlers, canners and fillers",0,4,59,41.81506905411014,125800,63000,62700,388.7,384.2,406.5,442.7,372.4,390.7,0.498410175
257,9211,"Postal workers, mail sorters, messengers and couriers",0,5,63,44.687805943008655,154600,123100,31500,506.4,461.1,511.5,537.0,481.5,496.9,0.203751617
258,9232,Street cleaners,0,26,68,51.478150704935,9600,9500,-1,390.2,376.7,386.6,411.3,-1.0,-1.0,0.0
259,9233,Cleaners and domestics,0,52,42,47.26520919238589,579900,107900,472000,353.1,196.0,368.2,397.4,339.4,355.2,0.813933437
260,9234,"Launderers, dry cleaners and pressers",0,55,53,54.0092584655631,28100,7000,21100,322.7,267.0,328.1,368.4,319.1,338.2,0.75088968
261,9235,Refuse and salvage occupations,0,63,31,49.64876634922563,38600,36900,-1,394.4,402.6,397.6,426.9,345.7,365.1,0.0
262,9236,Vehicle valeters and cleaners,0,16,55,40.503086302157264,29500,28200,-1,370.3,309.2,370.4,377.5,333.1,405.2,0.0
263,9241,Security guards and related occupations,0,16,68,49.396356140913866,197000,164900,32100,484.9,425.4,483.7,503.2,484.8,512.9,0.162944162
264,9242,Parking and civil enforcement occupations,0,10,37,27.101660465735304,13300,11000,2300,416.9,359.0,419.5,423.1,380.6,440.7,0.17293233100000002
265,9244,School midday and crossing patrol occupations,0,18,78,56.60388679233962,101100,3800,97400,337.5,83.4,368.1,390.6,311.7,324.5,0.963402572
266,9251,Shelf fillers,0,20,84,61.05735008989498,76900,44200,32600,329.2,227.9,329.6,364.5,322.0,339.6,0.423927178
267,9260,Elementary storage occupations,0,2,58,41.03656905736638,428200,341000,87200,412.2,414.4,420.5,463.7,372.3,412.3,0.203643157
268,9271,Hospital porters,0,97,97,96.99999999999999,16500,16200,-1,409.0,381.9,411.2,436.2,379.6,401.0,0.0
269,9272,Kitchen and catering assistants,0,6,69,48.97448315194352,507700,180300,327400,338.2,207.3,346.4,360.3,332.2,347.0,0.644869017
270,9273,Waiters and waitresses,1,16,78,56.30275304103698,254700,67800,187000,330.7,167.6,338.9,366.1,324.4,337.5,0.734197095
271,9274,Bar staff,0,4,79,55.93299562869845,200900,97000,103900,334.0,173.0,345.0,353.2,321.6,329.5,0.517172723
272,9275,Leisure and theme park attendants,0,25,84,61.971767765652764,35400,16700,18700,333.1,154.4,341.3,355.6,322.6,378.5,0.528248588
